<application>
  <component name="libraryTable">
    <library name="jquery" type="javaScript">
      <properties>
        <option name="frameworkName" value="jQuery" />
        <sourceFilesUrls>
          <item url="file://$APPLICATION_CONFIG_DIR$/javascript/extLibs/__ajax.googleapis.com_ajax_libs_jquery_1.11.0_jquery.js" />
        </sourceFilesUrls>
      </properties>
      <CLASSES>
        <root url="file://$APPLICATION_CONFIG_DIR$/javascript/extLibs/__ajax.googleapis.com_ajax_libs_jquery_1.11.0_jquery.js" />
      </CLASSES>
      <DOCUMENTATION>
        <root url="http://api.jquery.com" />
      </DOCUMENTATION>
      <SOURCES />
    </library>
  </component>
</application>