<application>
  <component name="MessDetector">
    <phpmd_settings_migrated />
  </component>
  <component name="PhpAutoImport" auto_import_file_scope="true" global_class_behavior="PREFER_IMPORT" global_constant_behavior="PREFER_IMPORT" global_function_behavior="PREFER_IMPORT" />
  <component name="PhpCodeSniffer">
    <phpcs_settings_migrated />
  </component>
  <component name="PhpInterpreters">
    <interpreters>
      <interpreter id="71fdd6f3-479e-49c4-ae36-d256854bbcb6" name="PHP 7.3" home="D:\PHP ROOT\bin\php\php.exe" debugger_id="php.debugger.XDebug" />
    </interpreters>
  </component>
  <component name="PhpInterpretersPhpInfoCache">
    <phpInfoCache>
      <interpreter name="PHP 7.3">
        <phpinfo binary_type="PHP" php_cli="D:\PHP ROOT\bin\php\php.exe" path_separator=";" version="7.3.5">
          <additional_php_ini />
          <configuration_file>D:\PHP ROOT\bin\php\php.ini</configuration_file>
          <configuration_options>
            <configuration_option name="include_path" value=".;pocketmine-php-bin\pear" />
          </configuration_options>
          <debuggers />
          <loaded_extensions>
            <extension name="Core" />
            <extension name="Phar" />
            <extension name="Reflection" />
            <extension name="SPL" />
            <extension name="bcmath" />
            <extension name="calendar" />
            <extension name="chunkutils2" />
            <extension name="com_dotnet" />
            <extension name="crypto" />
            <extension name="ctype" />
            <extension name="curl" />
            <extension name="date" />
            <extension name="dom" />
            <extension name="ds" />
            <extension name="filter" />
            <extension name="gd" />
            <extension name="gmp" />
            <extension name="hash" />
            <extension name="iconv" />
            <extension name="igbinary" />
            <extension name="json" />
            <extension name="leveldb" />
            <extension name="libxml" />
            <extension name="mbstring" />
            <extension name="mysqli" />
            <extension name="mysqlnd" />
            <extension name="openssl" />
            <extension name="pcre" />
            <extension name="pthreads" />
            <extension name="recursionguard" />
            <extension name="sockets" />
            <extension name="sodium" />
            <extension name="sqlite3" />
            <extension name="standard" />
            <extension name="tokenizer" />
            <extension name="xml" />
            <extension name="yaml" />
            <extension name="zip" />
            <extension name="zlib" />
          </loaded_extensions>
        </phpinfo>
      </interpreter>
    </phpInfoCache>
  </component>
</application>